{"cameraMode":{"drawMode":0,"name":"Shaded","section":"Shading Mode"},"sceneLighting":true,"audioPlay":false,"sceneViewState":{"m_AlwaysRefresh":false,"showFog":true,"showSkybox":true,"showFlares":true,"showImageEffects":true,"showParticleSystems":true,"showVisualEffectGraphs":true,"m_FxEnabled":true},"in2DMode":false,"pivot":{"x":9.752373695373536,"y":18.763103485107423,"z":32.436912536621097},"rotation":{"x":-0.20477606356143952,"y":0.7250712513923645,"z":-0.24301914870738984,"w":-0.6109717488288879},"size":13.549263954162598,"orthographic":false}